corpus,preloaded/artenten24_cml1,,,
subcorpus,-,,,
concordance size,81463,,,
query,"Query:[lempos=""(?i)(وسم)-n""];Shuffle:",,,
Reference,Left,KWIC,Right,is_hashtag
akhbarana.com,"â""هذا يضع الجهات الحكومية تحت طائلة القانون وهذا هو موضوع الدعوي المستعجلة التي تم تأجيلها وتنظر بعد غد الثلاثاء. </s><s> أرشيف""",الوسم,": تحويل العملات </s><s> sahar sahar 28 يونيو,2016 التعليقات على سعر الدولار الأمريكي اليوم الأربعاء 29-6-2016 في السوقâ",0
masress.com,"â""حيث استبعده المدرب الجنوب إفريقي من قائمة الأهلي في مباراة الأمس رغم جاهزيته. </s><s> وافتتح الأهلي مشواره في الدوري الممتاز""",للوسم,"2020-2021 بالفوز على مصر المقاصة أمس بثلاثة أهداف مقابل هدف في المباراة التي جرت على ستاد ""الأهلي we"". </s><s> ويستعد الأهليâ",0
syrianexpert.net,"â""لمرحلة متقدمة من الملل ليقوم بهذه الفعلة. </s><s> . </s><s> شاب يضع رأسه بين شفرات مروحة تعمل ليلتقط بفمه ثمرة طماطم معلقة فوقها. </s><s> أرشيف""",الوسم,": بندقية </s><s> 2020-10-07 التعليقات على لبنان "" بندقية للإيجار"" .. </s><s> إيقاف ناقلة محملة بالبنزين كانت متجهة إلى سورية مغلقة </s>â",0
alqiyady.com,"â"". </s><s> يذكر أن انستاجرام، المملوكة إلى شركة فيس بوك، كانت قد أضافت مؤخرا ميزة جديدة تتيح استخدام الرموز التعبيرية إيموجي في """"""",الوسوم,""" hashtag على شبكتها الاجتماعية. </s><s> أطلق الفنان المصري آسر ياسين تحدياً جديداً بطريقته الخاصة عبر هاشتاج تعرفوا اللي حصلâ",1
alhaqeqah.com,"â""زميلا للجمعية الملكية ، التى تتألف من """"أبرز العلماء ، المهندسين والتقنيين من المملكة المتحدة والكومنولث"""". </s><s> أرشيف""",الوسم,: الشمالية </s><s> الحقيقة نيوز - خالد الهايل - عرعر : كرم معالي وزير الصحة الدكتور / توفيق الربيعه مديرية الشؤون الصحية بمنطقةâ,0
enabbaladi.net,"â""حادثة تحرش أو انتهاك بحق الصحفيات، والنساء السوريات، تظهر عبر وسائل التواصل الاجتماعي حملات تضامن مع الضحية، تعتمد على""",وسوم,"تتعلق بالحادثة نفسها. </s><s> تكمن أهمية حملات التضامن مع ضحايا التحرش الجنسي، بكونها تدفع باتجاه كسر حاجز الصمت لديهم، وألاâ",1
asdmag.net,"â""معي عن طريق التعليق على المادة؛ حيث إن الألوكة ستكون إن شاء أول ناشر لهذه الرسالة. </s><s> والله الموفق إلى ما فيه الخير. </s><s> أرشيف""",الوسم,": مركز التوحد الأول </s><s> 24 أكتوبر,2018 التعليقات على وكيل محافظة جدة يفتتح مركز التوحد الأول مغلقة </s><s> تعلّمي ايتها العروسâ",0
alborsanews.com,"â""تطورات متسارعة لمعركة تحرير الجبهة الشمالية والغربية من الضالع (جنوبي اليمن). </s><s> منطقة إعلانية </s><s> منطقة إعلانية </s><s> الأحدث في""",الوسم,: محافظة الاسكندرية Highlight </s><s> شهد الرئيس عبد الفتاح السيسي صباح اليوم الأربعاء افتتاح مشروع الإسكان غيط العنب (بشايرâ,1
alhadath.ps,"â""القدس العالمية للثقافة """"أوكاد"""" عن إطلاق حملة (#كلنا_مريم) أمس الاثنين؛ حتى توالت التغريدات والمنشورات التي تحمل ذات""",الوسم,"على وسائل التواصل الاجتماعي، فمن هي مريم وما قصتها؟ </s><s> أطلقت الحملة في تركيا يوم أمس، وتهدف إلى تسليط الضوء على معاناةâ",1
manshoor.com,"â""عدد الحالات النشطة من الفيروس في البلاد 1775 حالة، منها 1666 بدون أعراض، و 74 لديهم أعراض خفيفة، بالإضافة ل 35 حالة معقدة . </s><s>""",الوسم,": الدول العربية </s><s> ما زال حلم تنظيم كأس العالم طموح المغرب منذ أول ترشيح له، وما زال تحقيقه عصيًّا. </s><s> هنا نستعرض تاريخ محاولاتâ",0
makkahnews.net,"â""في النادي؛ على الجهود المبذولة طيلة فترة الموسم، مشيدًا بالمستوى الفني الذي ظهر عليه الفريق خلال مباريات الدوري. </s><s> أرشيف""",الوسم,": حيز </s><s> (مكة) - أنقرة أعلنت وزارة الخارجية التركية، اليوم الخميس، عن التوصل إلى اتفاق لوقف إطلاق النار بين الأطرافâ",0
alkharjnet.net,"â""مودعـــــه وما أنت مستقبل لــه تصغر بعينك كافــة الأمــــور مهما عظمت ويرخص كل غالي مهما غــلا وتفقد .. </s><s> التفاصيل </s><s> أرشيف""",الوسم,: رحلات </s><s> الخرج نت : قال السفير العراقي بالمملكة رشدي العاني إن رحلات الطيران الجوية اليومية بين العراق والمملكة انطلقتâ,0
pbc.ps,"â""في المساحات الخضراء حالياً ومستقبلا وضمان إدارة المياه المعاد تدويرها بكفاءة وفعالية تضمن استدامة هذا المورد الهام. </s><s>""",الوسم,": مخيم العزة </s><s> اعتقلت قوات الاحتلال فجر اليوم الاثنين، مواطنين من شمال بيت لحم. </s><s> وافادت مصادر أمنية لمراسل ""وفا""، بأن قواتâ",0
atlasnews.ps,"â""SamMobile، وقال إنها قابلة للتحديث </s><s> الخليل - اطلس - أشار تقرير إخباري إلى نية """"فيسبوك"""" إضافة ميزة الكلمات الدلالية أو""",الوسوم,"، والتي تعرف باسم ""هاشتاج""، إلى موقعه الذي يضم ما يزيد عن مليار مستخدم نشط حول العالم. </s><s> مقتل 2 من تنظيم ""بيت المقدس"" والقبضâ",1
alsabaah.ly,"â""تتضمن البرامج البحثية للكلية نماذج للأمراض التي تدرسها، لتُقدم نتائج ملموسة لمواجهة تحديات الأمراض السريرية. </s><s> أرشيف""",الوسم,": المنخفض الجوي </s><s> 2023-12-13 أخبار, الرئيسية, محلي التعليقات على الفيتوري لم نسجل أي أضرار خلال المنخفض الجوي ونعاني منâ",0
wikipedia.org,"â""الأولية السريعة التي حققتها ألمانيا في بلجيكا وفرنسا وبدأ الجانبان بالبحث في مواقفهما. </s><s> قاتل الكنديون في معارك إيبرس،""",وَسوم,"، وباشنديل، وغيرها من المعارك المهمة. </s><s> قاتلوا في البداية تحت القيادة البريطانية، ولكن في النهاية تحت القيادة الكنديةâ",0
mawhopon.net,"â""البخور الطيب وحسن النية وتمسحها من الاناء ولا تغسل بالماء الا يوم الجمعة فلايمر عليها 7 ايام الا ةتزوجت والله اعلم </s><s> أرشيف""",الوسم,": برنامج </s><s> تمكن الشاب الجزائري إسلام عز الدين رفقة زميليه من تصميم تطبيق عبر الهاتف النقال يحمل اسم ""دليل"" يساعد المكفوفينâ",0
jazantoday.org,"â""اليوم الاثنين بمدير عام خدمات المياه بمنطقة جازان المهندس بندر بن ناصر جبر بحضور رئيس مركز الشقيري .. </s><s> التفاصيل </s><s> أرشيف""",الوسم,": وزارة </s><s> توفر وزارة الشؤون البلدية والقروية، عدة وظائف إدارية وهندسية شاغرة للسعوديين والسعوديات، من حمَلة شهادةâ",0
asdmag.net,"â""عَلَيْكُمُ الصِّيَامُ كَمَا كُتِبَ عَلَى الَّذِينَ مِنْ قَبْلِكُمْ لَعَلَّكُمْ تَتَّقُونَ ﴾ [البقرة: 183]. </s><s> أرشيف""",الوسم,": مؤسسة إرادة لذوي الهمم تكرم، الطالب عبدالله عوض بن عقيل لتأهله </s><s> 14 أكتوبر,2019 التعليقات على مؤسسة إرادة لذوي الهممâ",0
blqarn.net,"â""سؤالان : هل بالامكان اضافة مكتبة للكتب ؟ هل بالامكان أن أخفي قسما إذا لم أستخدمه ؟ </s><s> ياسسسسسسسسلام عليك ولله درك نعم المعنى""",الوسم,على الحلال مافيك حيلة وعودة قوية وفقك الله بيض الله وجهك والف شكر وتقدير هذا ماعهدناه منك حرق الالغاز الف شكر وتقدير الحلâ,0
arinfographic.net,"â""تسمح للروابط بعبور ترتيب الصفحات عرضة للخطر، وهذا الخطر يتمثل بمعاقبة الموقع ومنع صفحاته من الأرشفة في محرك البحث جوجل. </s><s>""",الوسم,نوفولو – يساعدك على حماية موقعك من الروابط السيئة وأيضاً يساعدك في الحفاظ على مصداقة الموقع لذلك قررنا في هذا المقال طرحâ,0
sawah.sa,"â""الجماهير الغاضبة، والتي اعترضت في اكثر من مرة على قرارات الحكم. </s><s> أسعار صرف الدولار في بغداد والمحافظات </s><s> 6 مارس، 2018 1:59 م </s><s>""",وسوم,: السياحة والسفر </s><s> سواح/ إدارة التحرير: كشف المجلس العالمي للسفر والسياحة WTTC أن مليون وظيفة تتم خسارتها يومياً في قطاعâ,0
souriat.com,"â""إلى نفس نتائج فجر 8 يونيو الماضي، ولكن ما جنته تركيا أنه ترك البلاد دون حكومة لعدة شهور، كما أن الاقتصاد يتهاوى. </s><s> أرشيف""",الوسم,": الجمعة </s><s> تعتبر ""المامونية"" من الوجبات الأساسية، التي تحضر صباح يوم الجمعة على وجبة الإفطار في مدينة حلب، وتقدم إلى جانبâ",0
sana.sy,"â""من 400 فلسطيني اليوم، وأصيب حوالي 900 جراء عدوان الاحتلال الإسرائيلي المتواصل على قطاع غزة المحاصر لليوم التاسع. </s><s> أرشيف""",الوسم,: الشاعر عبد الناصر حمد </s><s> دمشق-سانا حل الشاعر عبد الناصر حمد ضيفاً على اتحاد الكتاب الفلسطينيين في لقاء شعري كان الطابعâ,0
jazantoday.org,"â""في أموالهم على الكيفية المبينة بعقد الشركة أو على الوجه الذي يرونه إلا إذا أجمعوا على تصفية مال الشركة قبل القسمة. </s><s> أرشيف""",الوسم,: بري </s><s> جازان اليوم - حيدر جوحلي : ضمن برنامج فطن بمدرسة عبادة بن الصامت بشعبة سجن بيش استضافت المدرسة الشيخ حسن بن علي هتان عنâ,0
sana.sy,"â""أن الفكر الوهابي التكفيري مع وفرة المال والنفط من أهم عوامل انتشار الإرهاب في كل اتجاه والإساءة إلى سماحة ونبل .. </s><s> . </s><s> أرشيف""",الوسم,: تصفيات يورو 2016 </s><s> عواصم-سانا تغلب المنتخب الالماني على ضيفه منتخب بولندا 3-1 أمس ضمن مباريات المجموعة الرابعة لتصفياتâ,0
waldalbahrain.net,"â""واي فاي) الموفرة من شركات الاتصالات، ونظام تحديد المواقع الجغرافية العالمي( GPS) لخدمة التطبيقات المعتمدة على المكان""",والوسم,"المكاني, ويحتوي على كاميرا دقتها (5 ميغابكسل) مع مجموعة كاملة من المزايا رفيعة المستوى تشمل الضبط البؤري الآلي المستمرâ",0
tahama.org,"â""بطل دورة السهم لعام 1416هـ على فريق القادسية بالدرب اسطر ابناء الوسم من القحمة تلك الليله ملحمة كرويه ونجوم تلك الليله من""",الوسم,حمد المعشي زايد الشاعري حسن رضي يحي اليحياوي حسين حمادي احمد الشمراني عثمان اليحياوي فهد البيشي محمد بلقاسم احمد فرحاتâ,0
makkahnews.net,"â""السوداني أمس الاشتباه في إصابة مواطنين اثنين بفيروس كورونا، موضحا خلال مؤتمر صحفي أن المواطنين قدما من الصين. </s><s> أرشيف""",الوسم,": العزم </s><s> مكة - حزام الزهراني - الرياض :- عندما يقف التحدي بين صعوبات الحياة والنجاح ، عندما ينتصر المُبدع على تحديات الوقتâ",0
eremnews.com,"â""أقاربه. </s><s> وعلق الباحث السعودي في الشؤون الأمنية والقضايا الفكرية ومكافحة الإرهاب والأمن الإلكتروني، محمد الهدلة على""",الوسم,"""#استِشهاد_عسكري_في_الرياض"" دون أن يؤكد صحته. </s><s> وقال الهدلة في تغريدات على حسابه بموقع ""تويتر"": ""بعد أن يئس الإرهابيونâ",1
ahram-canada.com,"â""اللحام تحت الماء . 13- لحام حزمة الليزر . 14- اللحام الانفجاري . 15- اللحام في الفضاء. </s><s> وصل المعادن بالسمكرة والمونه </s><s> أرشيف""",الوسم,: الوافدين بالخارج </s><s> بقلم / محمد السيد طبق حذرت وزارة الخارجية المصرية المواطنين من التعامل مع مكاتب العمالة بالخارج غيرâ,0
elgmalnews.com,"â""<s> تحميل لعبة لعبة مساج للبنات فقط </s><s> الرئيسية > الكاف: العثور على دراجة نارية """"افتكها"""" إرهابيو خلية ورغة من احد السكان </s><s> أرشيف""",الوسم,: لا تترك يدي الحلقة 44 القسم 1 مترجم </s><s> تآمرات إيران تؤخر تشكيل الحكومة اللبنانية </s><s> أكد خبراء في الشأن اللبناني عدم وضوح خارطةâ,0
cairodar.com,"â""في مقر المكتب بإشراف الدكتورة منيرة فراج العقلا . القائمات على الدورة : دكتورات فاضلات . من الساعة الرابعة وا .. </s><s> أرشيف""",الوسم,": عدي بن حاتم الطائي </s><s> هنا في الحلقة الثالثة من قصة عدي بن حاتم الطائي تتعرف على تفاصيل مقابلة رسول الله و حاتم الطائي ، وâ",0
sana.sy,"â""في المباراة التي اقيمت بينهما اليوم على ملعب الفيحاء بدمشق ضمن الجولة الثالثة من المنافسات التي شهدت ايضا فوز .. </s><s> . </s><s> أرشيف""",الوسم,": الجيش </s><s> محافظات-سانا فرض الجيش سيطرته الكاملة على قرية جزل وتلة الذئب وعدد من التلال الحاكمة في ريف تدمر الغربي، فيما قضتâ",0
khayma.com,"â""على الجنس والعمر وتاريخ الوسم ومكانه، وكذلك إيمان الشخص بالوسم من عدمه، ومن الجدير بالتنويه هو وجود دراسة أخرى مشابهة عن""",الوسم,أجريت في عام 1992 بإشراف قسم طب العائلة والمجتمع بكلية الطب - جامعة السلطان قابوس - سنذكر بعض نتائجها عند مقارنة هذهâ,0
sana.sy,"â""النور الخاص. </s><s> ولفت رئيس دائرة الرعاية الصحية بمديرية صحة حمص الدكتور عبد المؤمن قشلق إلى أهمية مبادرة المشافي .. </s><s> . </s><s> أرشيف""",الوسم,: فرع حلب </s><s> حلب-سانا بحث رئيس الاتحاد العام للفلاحين أحمد صالح إبراهيم اليوم مع المكتب التنفيذي لاتحاد فلاحي حلب ومكاتبâ,0
abudhabienv.ae,"â"". </s><s> وأوضحت موزة الشامسي، المدير التنفيذي لقطاع التسويق والاتصال بالإنابة في """"هيئة أبوظبي للسياحة والثقافة""""، أن""",الوسم,"الجديد يتميز بسهولة تداوله، وسيساهم في تعزيز الإدارة النوعية للمحتوى الرقمي المتاح عبر الانترنت إلى جانب توسيع دائرةâ",0
bnt.nat.tn,"â""""""، ويناشده قبول دخالته وإجارته (حق الجوار أو الحماية)، ويبثه شكواه وطأةَ الحال الثقيلة وإعياءها الصبر والاحتمال. </s><s> وبين""",الوسم,"التجاري الاعلاني و""التاتوو"" قرب ""الصدر"" الانثوي وبين استحقاق الاحصاء في زمرة نخبة المقاتلين ومقدمة الجيوش الزاحفة منâ",0
sana.sy,"â""شرقي في الذكرى الأولى بعد المئة للإبادة الجماعية التي تعرض لها الأرمن على يد العثمانيين وراح ضحيتها ما يزيد على .. </s><s> . </s><s> أرشيف""",الوسم,: دوري السويداء </s><s> السويداء-سانا فاز فريق صلخد على الشبيبة بتسعة أهداف مقابل هدفين في المباراة التي جمعتهما اليوم على أرضâ,0
tumaer.com,"â""<s> سُلاَفْ القَصِيدْ </s><s> هطلت عصر اليوم مبشِّرة بموسم الخيرات بالصور. </s><s> . </s><s> الأمطار تغسل مناطق غرب القصيم مع أيام """"""",الوسم,""" الأولى http://cdn.sabq.org/files/news-image/465608.jpg?802192 عيسى الحربي- سبق- عقلة الصقور: شهد مركز ""â",0
akhbarana.com,"â""GT-I9300 using زاد المسافر </s><s> ابو درر </s><s> سعر رائع جدا ياليت لو تعطينا عنوان الشركة او رقم الاتصال يعطيك العافيه وماقصرت </s><s> أرشيف""",الوسم,": نتائج الصف الثانى عشر </s><s> أسماء 29 مايو,2017 التعليقات على رابط موقع طالب نتيجة الثانوية العامة 2017 الكويت ظهور نتائجâ",0
otlaat.com,"â""على الرغم من سقوط الامطار لان الارض مديوسة بسبب مجود المخيمات والسفر بالسيارة .. </s><s> الخ بس حتى الامطار هالسنة يتنا عقب""",الوسم,. </s><s> ممكن تحصل فقع بس في الاماكن الغير مديوسة مثل المحميات والمزارع والاماكن الممنوعة . </s><s> رد: الفقع </s><s> مطر الكويت جاء بعد الوسمâ,0
sana.sy,"â""اقتحمت بلدات بيتا وعورتا وأصرين في نابلس وسلواد في رام الله وكفر ثلث في قلقيلية والقدس المحتلة وداهمت منازل .. </s><s> . </s><s> أرشيف""",الوسم,: فلسطين </s><s> القدس المحتلة-سانا أصيب عدد من الفلسطينيين اليوم جراء قمع قوات الاحتلال الإسرائيلي مظاهرتين مناهضتينâ,0
marefa.org,"â""في غير مستخدم في النص السابق. </s><s> خطأ استشهاد: الوسم ذو الاسم """"arago"""" المُعرّف في غير مستخدم في النص السابق. </s><s> خطأ استشهاد:""",الوسم,"ذو الاسم ""Hudgeons Hudgeons 2000"" المُعرّف في غير مستخدم في النص السابق. </s><s> خطأ استشهاد: الوسم ذو الاسم ""US Mint dollarâ",1
makkahnews.net,"â""والدور الإيجابي لتواجد مسؤولي الأجهزة الحكومية عبر حسابات في هذه المنصات وأشار الحمادي إلى أن الملتقى يستضمن أيضاً 3""",وسوم,"رئيسة، سيتحاور خلالها مؤثرين وفاعلين في منصات التواصل الاجتماعي حول 3 مجالات هي التعليم والثقافة والإعلام. </s><s> وأضافâ",0
azamil.com,"â""الستار على حفل تكريم طلاب المحافظة المتفوقين . [IMG]http://im90.gulfup.com/a3p7Fu.jpg[/IMG] </s><s> اخبار التقنية </s><s> أرشيف""",الوسم,: زعيم التيار الصدري </s><s> السيد مقتدى الصدر في حوار موسع مع صحيفة الشرق الأوسط. </s><s> . </s><s> اجاب على اسئلة تتعلق بقضايا العراق والمنطقةâ,0
alyoum7.ma,"â""عبر البحر الأسود. </s><s> وقالت وزارة الداخلية الأوكرانية إن الهجوم استهدف أيضاً مناطق خيرسون في الجنوب ودونيتسك في الشرق""",وسومي,"في الشمال الشرقي. </s><s> وذكر سلاح الجو الأوكراني أنه أسقط جميع الطائرات المسيرة وعددها 14، بما يشمل 13 طائرة من طراز ""شاهد""،â",0
thenewkhalij.news,"â""الأخبار الخفيفة والسريعة في القناة التجارية تقدّم موجزاً للأخبار الوطنية، مُستقاة من ثرثرة المجالس ورجيع """"واتس آب""""""",والوسوم,"الأشد حماقة على ""تويتر"". </s><s> يبحث في ""تويتر"" عن أخبارٍ محلّية ذات معنى، فيلفّه الجو الغريب والمناخ المصطنع هناك، ثم يقودهâ",1
alborsanews.com,"â""وبالرغم من اني </s><s> لم العب كثيرا لريال مدريد (20 مباراة فقط) الا انني اشعر براحة كبيرة"""" </s><s> منطقة إعلانية </s><s> منطقة إعلانية </s><s> الأحدث في""",الوسم,": العربية حليج Highlight </s><s> نفذت المؤسسات صفقة على أسهم شركة ""العربية لحليج الأقطان"" بكمية 7.2 مليون سهم على سعر 2.83 جنيه،â",0
oja.om,"â""لمصادرة آلاف الدونمات من الأراضي العربية والاستيلاء عليها، قبل أن تتوقف في عام 2020 على خلفية مواجهات مع سكانها. </s><s> أرشيف""",الوسم,": في رحاب عُمان </s><s> د. </s><s> بثينة شعبان ** في رحاب عُمان تشعر أنَّك بين أهلك وأصدقائك، وأنّ العروبة ليست نظرية تقرأها في الكتبâ",0
gulfeyes.net,"â""مع تجارب المكفوفين </s><s> تشارك جمعية """"كفيف"""" اليوم بمناسبة يوم الشيف العالمي الموافق 20 من أكتوبر، بمواهب المكفوفين عبر""",الوسم,"الذي انطلق في منصات التواصل الاجتماعي ""#يوم_الشيف_العالمي""، بهدف رفع الوعي بفاقدي البصر وإطلاق طاقاتهم وقدراتهمâ",1
sana.sy,"â""الوضع المعيشي للمواطنين في ظل الظروف الحالية إلى جانب خطة الاعتماد على الذات للتخفيف من أثر التحديات التي .. </s><s> . </s><s> أرشيف""",الوسم,: ويكيليكس- 14 آذار </s><s> بيروت -سانا أظهرت الوثائق التي نشرها موقع ويكيليكس والمسربة عن برقيات ومراسلات وزارة الخارجيةâ,0
alborsanews.com,"â""لافتا الى أن نسبة الاصابات لعدد المسحات خلال ال24 ساعة الماضية بلغ 1ر7 في المئة. </s><s> منطقة إعلانية </s><s> منطقة إعلانية </s><s> الأحدث في""",الوسم,": أراضى الاسكان Highlight </s><s> تستعد وزارة الإسكان السعودية لتسليم 15 ألف منتج سكني للمواطنين، وذلك بعد أن كشفت الوزارة أمسâ",0
djazairess.com,"â""والمواقف البناءة وبالنظر كذلك إلى المسؤوليات التي سيتولاها البلد الشقيق -لبنان- على مستوى هيئات جامعة الدول العربية. </s><s>""",الوسوم,الرئيس تبون </s><s> بيت الرواية يناقش 3 أسئلة حول الشخصية التاريخية فى الروايات التونسية أعلن بيت الرواية فى مدينة الثقافة فىâ,0
oujdaregion.com,"â""الحالي يؤدي إلى حرمان النساء المعنفات وأطفالهن من خدمات ملحة وعاجلة ويتسبب في المزيد من المخاطر والمعاناة لهن. </s><s> أرشيف""",الوسم,"''من'' </s><s> اعداد:حساين محمد لراديو ديال وجدة،طلقت اوراش كبرى بالمدينة لقنوات الصرف الصحي والماء الصالح للشرب،بعدد منâ",0
marsadpress.net,"â""أخرى إلى برنامج التقشف داخل البلاد. </s><s> ويختتم بالقول إن حقيقة محمد بن سلمان بدأت تتكشف، وإنه الشخص الذي يقامر ثم يخسر. </s><s> أرشيف""",الوسم,: الأزهر </s><s> 26/12/2016 التعليقات على عساكر السيسي تخترق 50 مليون حساب على الفيس بوك. </s><s> . </s><s> الاثنين 26 ديسمبر. </s><s> . </s><s> تورط 5 قياداتâ,0
ahram-canada.com,"â""في حال حرجة. </s><s> وافادت صفحة """"صوت الشمال"""" على موقع """"فيسبوك"""" ان السيدة كانت متواجدة داخل مقهى عند حصول الجريمة. </s><s> (LBCI) </s><s> أرشيف""",الوسم,": الأحوال المدنية ، السجل المدني ، شهادات الميلاد </s><s> أمل فرج أقامت وزارة الداخلية فرعا لقطاع الاحوال المدنية بـ مول سيتيâ",0
alborsanews.com,"â""من البوكينق ولكم جزيل الشكررررررررررررررررررررررررر </s><s> إحصائيات </s><s> مواضيع 394183 </s><s> منطقة إعلانية </s><s> منطقة إعلانية </s><s> الأحدث في""",الوسم,: شركة تويوتا Highlight </s><s> اتفقت مصلحة الجمارك مع شركة تويوتا على إنهاء نزاع على تقييم قطع غيار السيارات عن الأعوام الثلاثةâ,0
elgmalnews.com,"â""<s> . </s><s> . </s><s> . </s><s> أعقلوا يادعاة عدم النسيان فلو حقد الناس على بعضهم وما وجد فيهم مسامح. </s><s> . </s><s> . </s><s> . </s><s> . </s><s> . </s><s> . </s><s> . </s><s> لما كنت على قيد الحياة ففهم يا فهيم </s><s> أرشيف""",الوسم,: مسلسل عروس بيروت الجزء الثاني 39 </s><s> مشاهدة وتحميل مسلسل عروس بيروت الجزء الثاني الحلقة التاسعة والثلاثون عبر قناة MBC 39â,0
aljaml.com,"â""<s> من جهة ثانية، طالب الناشطون على مواقع التواصل الاجتماعي، بالعودة للتفاعل مع حي الشيخ جراح، وشددوا على ضرورة إعادة تداول""",وسوم,"مثل: ""#أنقذوا_حي_الشيخ_جراح""، و""#لا_تنسوا_حي_الشيخ_جراح""، وبجميع اللغات. </s><s> وكتب البعض: ""حي الشيخ جراح كان الشرارةâ",1
blogspot.com,"â"""," وبادية .. </s><s> . </s><s> ينظر في مرآته ليفهم ذاته .. </s><s> . </s><s> ويختار وجهه .. </s><s> . </s><s> وجه عربي قح .. </s><s> . </s><s> لا أصباغ مصطنعة وتشويهات مبتدعة . </s><s> · يرتبط كل من""",الوسْم,0
albrari.com,"â""حائل القصيم الرياض اوفر حظا من غيرها و الشتاء يدخل مبكرا يطول بردة دون تسجيل ارقام قياسية جديدة في تدني الحرارة و امطار""",الوسم,اذا سقطت لا تعكس صورة الموسم كاملا و في العام الماضي سميته(( العام غريب الاطوار )) فكان كذلك حتى وصل الى ما هو ابعد من الطقسâ,0
bq3a.net,"â""بن صالح الزعاق؛ إنه خلال الخمسين يوماً القادمة سنعيش الأيام الأجمل في السنة على الإطلاق على مناطق الخليج"," وهي فترة موسم""",الوسم,0
sadadahie.com,"â""للقوات المسلحة أي الرئيس الذي كان يعلم ولم يتخذ القرار المناسب، وهذا يعني ان التحقيق طار وطارت معه الحقيقة! </s><s> """". </s><s> أرشيف""",الوسم,: التيار الاسعدي :الاعمال الارهابية في بعض الدول الاوروبية صناعة استخباراتية </s><s> أرشيف الوسم : جنبلاط التقى وفدا من نوابâ,0
cairodar.com,"â""من الزكاة، لهذا نلاحظ أن هناك اختلالا كبيرا في تحصيل الموارد الزكوية من قبل الجهات المخولة قانوناً بالتحصيل. </s><s> أرشيف""",الوسم,": ازمات الربو </s><s> من المشروبات التى تساهم فى التغلب على إضطرابات الجهاز التنفسى وخاصة الربو، القرنفل بالإضافة إلى قدرته علىâ",0
sana.sy,"â""وعبير الديب ومشيرة حسين وعبدو الخالد وعلاء عبيد ورضوان الحزواني اضافة الى بعض القصص القصيرة والقراءات النقدية. </s><s> أرشيف""",الوسم,": المشروع الوطني للإصلاح الإداري </s><s> اللاذقية-سانا تركزت محاور ملتقى ""المشروع الوطني للإصلاح الإداري. </s><s> . </s><s> نهضة وطن"" الذيâ",0
sana.sy,"â""الانتخابات، وتمنوا أن يصل من يمثلهم خير تمثيل في مجالس الصفوف، يذكر أن الانتخابات ستستمر حتى يوم الأربعاء القادم. </s><s> أرشيف""",الوسم,: فرع التجارة الخارجية بالحسكة وصول كميات من الأدوية تغطي حاجة المحافظة </s><s> الحسكة-سانا أكدت مديرة فرع مؤسسة التجارةâ,0
hsoub.com,"â""(log tags) المطبقة على مسجل الاتصال. </s><s> في ما يلي مثال يستخدم معرف حساب المستخدم إذا كان متاحًا، أو """"بدون حساب"""" آخر أثناء وضع""",الوسوم,": </s><s> للحصول على قائمة كاملة بجميع خيارات الضبط، راجع الصنف . </s><s> لاحظ أيضًا أن الخادم الخاص بك يجب أن يوفر على الأقل نفس عددâ",1
alfetn.com,"â""أربعة وجوه: </s><s> اللصة: """"الخراجْ"""" وهي مرض السرطان حيث يوسم رزات بشكل دائري بعد تحديد موضع الورم فيسخن له خمس أو ست مياسم ويبدأ""",الوسم,بشكل حلقي لصرّ الورم ثم يعاود التحليق حتى يصغر الورم وينتهي .. </s><s> . </s><s> هذا ما وجدته في النت عندما كنت أبحث عن علاج السرطان بالطبâ,0
ahram-canada.com,"â""بشكل كبير وفتح أفقك على عوالم وقضايا لم تكن تتخيّل إمكانية عرضها بهذه البساطة دون تعقيد. </s><s> دعاء رمزي - أراجيك </s><s> أرشيف""",الوسم,": كوريا </s><s> أمل فرج أصدر الرئيس عبدالفتاح السيسي، قرارًا جمهورياً، يحمل رقم 124 لسنة 2018، بالموافقة على الخطاباتâ",0
azamil.com,"â""جلساته أمس بالقاهرة بمشاركة 16 وزير عمل عربي و370 مشاركا من منظمات العمال وأصحاب الأعمال بمختلف الدول العربية. </s><s> أرشيف""",الوسم,: إقليم البصرة </s><s> أزاميل/ البصرة: انطلقت في البصرة تظاهرات حاشدة تطالب بإقالة المحافظ ماجد النصراوي وحل مجلس المحافظةâ,0
bawabatii.com,"â""من تبرج وتسكع وبيئة قذرة، جعل منها مهنة شاذة نوعًا ما، ومخالفة للدين والعرف"""". </s><s> في المقابل، استنكر مدون يدعى """"مزروع"""" إطلاق""",الوسم,"؛ قائلًا: ""#عمل_المرأة_بالمستشفيات_حرام وإذا تعبت أمه أو أخته أو زوجته قال: ما عندكم دكتورات! </s><s> ؟ رجال ما يدخلون علىâ",1
hayatty2day.com,"â""16:30 بتوقيت 12:30 بتوقيت المغرب القنوات الناقله tv online موردن من من من من من من من من من من من منقراءة كامل الموضوع </s><s> أرشيف""",الوسم,": الدكتوراه الفخرية </s><s> عدد المشاهدات = 360 احتفلت مجموعة ""لايف انتر ناشونال "" بتدشين احدث شركاتها للتدريب والتأهيل الفنيâ",0
sana.sy,"â""درعا بتاريخ22-5-2014. </s><s> وأكدت الوزارة في رسالتها أن هذه المجزرة المروعة جزء من سلسلة جرائم متعمدة ضد السوريين .. </s><s> . </s><s> أرشيف""",الوسم,: الاستهلاكية وسندس </s><s> دمشق-سانا تواصل مؤسسات التدخل الإيجابي المتمثلة بمؤسسات الاستهلاكية وسندس والخزن والتسويقâ,0
marsadpress.net,"â""المنصب للمرة الثانية على التوالي ، واعداً الجميع ببذل أقصى جهده للنهوض بمستوى تحكيم الجودو في القارة الآسيوية. </s><s> أرشيف""",الوسم,: تعيين الفريق محمد فريد حجازى رئيسا لأركان حرب للقوات المسلحة </s><s> 28/10/2017 التعليقات على السيسي يتنازل عن شمال سيناء. </s><s> . </s>â,0
alresalah.ps,"â""انتشار المعلومات المزيفة والمضللة. </s><s> وستقوم التقنية عن طريق تضمين تغييرات على وحدات البكسل الفردية في الصور، بحيث تكون""",الوسوم,"المائية غير مرئية للعين البشرية، ولكن يمكن اكتشافها بواسطة أجهزة الكمبيوتر؛ فيما أشارت ""ديب مايند"" إلى أن التقنيةâ",0
akhbarana.com,"â""): 8 التحميل المباشر هنــا </s><s> التوقيع : </s><s> رقم مزعج زوجتي مرااااااااااا ليل و نهار الرقم من شركة زين 12-06-2012"," 10:42 AM </s><s> أرشيف""",الوسم,0
alborsanews.com,"â""المتشددة. </s><s> ومن أبرز كتبه """"وهل الأفعى تُميت؟"""" الصادر في عام 2004، وكتاب """"أحد الاثنين"""" في عام 1995. </s><s> منطقة إعلانية </s><s> الأحدث في""",الوسم,": مشروع كيما </s><s> قال ياسر النجار، رئيس الشركة القابضة للصناعات الكيماوية، إن شركة الصناعات الكيماوية المصرية ""كيما""â",0
alborsanews.com,"â""راسلوني عن طريق البريد الاكتروني اذا كان لديكم اي استفسار بالتوفيق للجميع .. </s><s> . </s><s> . </s><s> منطقة إعلانية </s><s> منطقة إعلانية </s><s> الأحدث في""",الوسم,": العشرى للصلب Highlight </s><s> بدأت محال العطور، طرح عروض على منتجاتها استعداداً لموسم عيد الأم، عبر تقديم تخفيضات تتراوح بينâ",0
elgmalnews.com,"â""2018، بتفعيل هذا السيناريو، و ذلك بتسليم شيك لأول مستفيدة من هذا التعويض المالي في إطار عملية معالجة دوار الكرعة. </s><s> أرشيف""",الوسم,": بنك </s><s> أعلنت شركة ""ليجند القابضة"" الصينية صفقة يوم الجمعة لشراء حصة 90 فى المائة من البنك الدولى لوكسمبورج مقابل 1.48â",0
arabi21.com,"â""مقاطعة للبضائع الفرنسية أطلقها الناشطون عبر مواقع التواصل الاجتماعي لنصرة النبي محمد صلى الله عليه وسلم، وتصدرت""",الوسوم,"و""الهاشتاغات"" المناهضة لفرنسا مواقع التواصل الاجتماعي منها: (#مقاطعه_المنتجات_الفرنسية، #ماكرون_يسيء_للنبي، #â",1
sana.sy,"â""قاعدة انجرليك في جنوب البلاد لشن غارات على تنظيم """"داعش"""" الإرهابي. </s><s> ونقلت (ا ف ب) عن المسؤول طالبا عدم ذكر اسمه .. </s><s> . </s><s> أرشيف""",الوسم,: معرض نينورتا </s><s> اللاذقية-سانا بعد عام على الانطلاقة القوية والعمل المتواصل كان لا بد من وقفة مع الحصاد وقطف ثمار جهودâ,0
thenewkhalij.news,"â""من أقارب المعتقلين لتطليقهم وهو ما يعد مخالف للدستور والقانون الإماراتي كما أنه مخالف للشريعة الإسلامية. </s><s> ولاقى""",الوسم,"تفاعلا غير مسبوق مع معتقلي الرزين وما يتعرضون له من انتهاكات جسيمة وصفها حساب ""معتقلي الإمارات"" بقوله: ""#الانتهاكات_â",1
alborsanews.com,"â""كل المصريين .. </s><s> غمة وزادت لكن ما ضاقت الا وفرجها الله[/B][/SIZE][/COLOR][/FONT] </s><s> منطقة إعلانية </s><s> منطقة إعلانية </s><s> الأحدث في""",الوسم,": التجاري الدولي للسمسرة Highlight </s><s> قرر الدكتور محمد عمران، رئيس هيئة الرقابة المالية، منح الموافقة على مزاولة عملياتâ",0
abudhabienv.ae,"â""، وتجسيد روح الاتحاد. </s><s> وتمت عملية تقييم المشاركين من خلال جمع نقاط عن كل آلية من آليات التقييم وهي عدد الأعلام، وعدد""",الوسم,"#في_ إدارتنا_علم في الإنستجرام، وعدد إعادة التغريدات (ريتويت) في تويتر، واستخدام الأدوات الصديقة للبيئة عند تزيينâ",1
akhbarana.com,"â""وأرى كيف يكون وجهه عندما أطلب منه الإجابه </s><s> اقتباس: </s><s> المشاركة الأصلية كتبت بواسطة محمد السيد صالح (المشاركة 585809) </s><s> أرشيف""",الوسم,": أبو زيد </s><s> admin 2 نوفمبر,2015 التعليقات على حقيقة تصويت مصر لصالح اسرائيل في الامم المتحدة مغلقة </s><s> حقيقة تصويت مصر لصالحâ",0
akhbarana.com,"â""(التركية القديمة) : زُولُوفْ ، و تعني شعر في ناصية الرأس . الكلمة لا تزال مستعملة في اللغة التركية الحديثة : zülüf </s><s> أرشيف""",الوسم,": التصدير </s><s> admin 12 أبريل,2016 التعليقات على أفضل أليات لتصدير الأسمنت والحديد من جمارك السعودية مغلقة </s><s> جمارك السعوديةâ",0
asdmag.net,"â""الحالي 2020-2021، سواء على مستوى نتائج الفريق الأول لكرة القدم، أو المشاكل الإدارية وأزمات اللاعبين المتواصلة. </s><s> أرشيف""",الوسم,": 3 أشقاء مكفوفين </s><s> 7 يونيو,2019 التعليقات على 3 أشقاء مكفوفين حولوا الصحراء ارض خضراء في قنا مغلقة </s><s> عذرًا رسولَ الله! </s><s> ويكثرâ",0
sana.sy,"â""على كامل التراب الفلسطيني مناشدا القوى الحية في الأمة العربية إلى التحرك العاجل لدعم نضال الشعب الفلسطيني. </s><s> أرشيف""",الوسم,: المعارضين لسياسات رئيس النظام التركي رجب طيب أردوغان </s><s> استوكهولم-سانا كشف موقع نورديك مونيتور السويدي أن عملياتâ,0
alborsanews.com,"â""لكي نحقق النصر. </s><s> الأحدث في الوسم: شركة سويفل للنقل الذكي Highlight </s><s> منطقة إعلانية </s><s> منطقة إعلانية </s><s> منطقة إعلانية </s><s> الأحدث في""",الوسم,: إى جى بنك Highlight </s><s> منطقة إعلانية </s><s> منطقة إعلانية </s><s> منطقة إعلانية </s><s> الأحدث في الوسم: تطبيق شهرى Highlight </s><s> منطقة إعلانية </s>â,0
sanasyria.org,"â""غرام. </s><s> وليس هذا فقط، بل وأيضاً الموز يعتبر فاكهة غنية بمعدن البوتاسيوم الذي يساعد في تدفق الدم إلى المعدة والأمعاء. </s><s> أرشيف""",الوسم,: تعادل وولفرهامبتون مع توتنهام هوتسبير </s><s> لندن-سانا تعادل فريق وولفرهامبتون مع ضيفه توتنهام هوتسبير بهدف لكل منهما فيâ,0
madrasato-mohammed.com,"â""أما وسمها في الوجه فلا والوسم بمعنى العلامة ولهذا ينبغي أن يكون الوسم خاصا بأصحابه حيث لا تختلط البهائم بعضها ببعض لأن""",الوسم,إذا رآه الإنسان قال هذه شاة فلان هذه ناقة فلان هذا جمل فلان هذا فرس فلان فلا بد أن يكون الوسم علامة مميزة حتى لا تضيع فائدته. </s>â,0
sana.sy,"â""اللاذقية. </s><s> وأحرز منتخب حماة المركز الثاني في بطولة الفرق ضد الزمن للناشئين لمسافة 20 كم كما جاء ثانياً في بطولة .. </s><s> . </s><s> أرشيف""",الوسم,: الإجراءات الاقتصادية القسرية الأمريكية الجديدة ضد الشعب السوري </s><s> القدس المحتلة-سانا أدانت شخصيات فلسطينيةâ,0
alraidiah.com,"â""مرات تكرار الصوت وبوضعنا -1 فإن التكرار يكون الى مالانهاية ============================ الى هنا نكون قد انتهينا من""",وسوم,الbody الFONT:او الخطوط وخصائصها إننا لم نقم بالتعامل مع الخطوط فيها ولا بأي شكل من الأشكال. </s><s> أي أننا تركناها علىâ,0
fn1q8.com,"â""بمبادئ وأدوات ومفاهيم القيادة الإستراتيجية إضافة إلى متطلبات وأدوات التخطيط على المستوى الإستراتيجي. </s><s> أرشيف""",الوسم,": #ملحم_زين </s><s> مواهب تجاوزت الـ 60 من عمرها، حان الوقت كي تطل أمام الوطن العربي بتلك الموهبة من خلال الموسم الأول للصيغةâ",1
addrbnews.com,"â""فبدا بضغط من العميد لتدارك الوضع ولكن الوضع يزداد سوء بعدما استطاع فهد الشقيقي من استغلال ضربه ركنية محرزا </s><s> الهدف الثاني""",للوسم,ولكن العميد استطاع العوده مجددا لمجريات اللقاء بتقليص الفارق عن طريق عبدالرحمن حفظي ولكن ليس طويلا حيث استطاع رجلâ,0
eyonelmagles.com,"â""السقوط المفاجئ للأشياء وانفجار بعض المواد الخطرة تقع ضمن هذه العوامل </s><s> 7-القيام بالكشف الطبي للعاملين بصورة دورية </s><s> أرشيف""",الوسم,: فوز عصام خليفة </s><s> إنتهت اليوم إنتخابات إنحاد الإسكواش بفوز عاصم خليفة بحصده عدد 7 أصوات من أصل 10 أصوات بينما حصل المرشحâ,0
sana.sy,"â""سياسة تطبيقها الجديدة وافقوا عليها""""، كما لفت المقال إلى أنه """"سيتم التذكير بالسياسة الجديدة في حال عدم قبولها"""". </s><s> أرشيف""",الوسم,: التربية </s><s> دمشق-سانا قرر مجلس الوزراء المكلف تسيير الأعمال افتتاح المدارس في الـ 13 من شهر أيلول القادم وذلك بعد اطلاعهâ,0
syrianexpert.net,"â""الامتحانات من خارج المحافظه بجميع الادارات التعليميه وتم الاشراف عليها بنفسه واطمئن سيادته على التجهيزات. </s><s> أرشيف""",الوسم,": تصالحي </s><s> 2019-08-05 التعليقات على حلّ ""تصالحي"" للمستنفدين في الجامعات الحكومية مغلقة </s><s> الفريق يسافر الى فالنسيا </s><s> *â",0
umayya.org,"â""كيفية مضاعفة الربح من نفس المشروع، لذا يجب عدم التكاسل والبدء في عمل مشروع خاص بك لتحقيق ذاتك واحلامك الحصول علي ما تريد. </s><s>""",الوسم,": اعتذار الابراهيمي للشعب السوري ""شهادة"" وفاة لمؤتمر جنيف. </s><s> . </s><s> وتحميل النظام مسؤولية الفشل تمهيد للعودة للخيار العسكري. </s>â",0