"corpus","preloaded/artenten24_cml1"
"subcorpus","-"
"concordance size","491"
"query","Query:[lemma = ""علامة""][lemma = ""تصنيف""];Shuffle:"
"Reference","Left","KWIC","Right"
"hiamag.com",â"<s> يمكنك أيضًا مشاركة ريلز Reels الخاصة بك مع متابعيك عن طريق نشرها في خلاصتك. </s><s> عندما تشارك ريلز Reels التي تحتوي على أغانٍ أو","علامات تصنيف","أو تأثيرات معينة، فقد تظهر ريلز Reels أيضًا على صفحات مخصصة عندما ينقر شخص ما على تلك الأغنية أو علامة التصنيف أو التأثير. </s>"â
"medwow.com",â"حد أصغر من علامات التصنيف. </s><s> يمكن إرسال علامات التصنيف بعد 90 يوم من تاريخ إتمام الصفقة وحتى 180 يوم منذ ذلك التاريخ. </s><s> إعطاء","علامة التصنيف","ليس إجبارياً، لكنه قد يمنحك بعض الفوائد مثل الحصول على تنزيلات. </s><s> سنقوم من حين لآخر بالإعلان في موقع MedWOW عن الفوائد"â
"line.sa",â"تتذكر الشركات المعادلة: زيادة عدد العملاء = زيادة المبيعات = المزيد من الأرباح. </s><s> من خلال Twitter، يمكن للشركات استخدام","علامات التصنيف","واستهداف جماهير محددة للوصول إلى المزيد من العملاء المحتملين. </s><s> السودان: عاد الإنترنت فاتجهت أصابع الاتهام مجدداً نحو """â
"jamaa.net",â"ومنبدا بتنزيل العلامات. </s><s> . </s><s> . </s><s> تمنياتي للجميع بالنجاح والتوفيق. </s><s> . </s><s> دمتم بود. </s><s> . </s><s> . </s><s> لزملاء السنة الأولى (المسافرين). </s><s> . </s><s> . </s><s> . </s><s> نزلت","علامات التصنيف",".. </s><s> . </s><s> بالنسبة للكيمياء .. </s><s> . </s><s> . </s><s> ونقلا عن الدكتورموصللي .. </s><s> . </s><s> إنو نسبة النجاح 30% عنجد صاعقة! </s><s> ! </s><s> مع إنو الأسئلة كانت كثييير سهلة. </s><s> . </s>"â
"okaz.com.sa",â"، إن عملية تفتيش جديدة لمنزل الرئيس في ويلمنجتون بولاية ديلاوير تمخضت عن العثور على 6 مواد أخرى، بما في ذلك وثائق تحمل","علامات تصنيف",". </s><s> ولفت إلى أن بعض الوثائق السرية والمواد المحيطة ترجع إلى فترة ولاية بايدن في مجلس الشيوخ، حيث مثل ولاية ديلاوير من 1973"â
"apkcafe.ae",â"المرشحات الرائعة حتى تتمكن من مشاركة شاراتك على وسائل التواصل الاجتماعي أو خلاصتك الخاصة! </s><s> -يمكن لمنشئي التحدي إضافة","علامات تصنيف","إلى تحدياتهم حتى يعرف المشاركون كيفية التواصل مع بعضهم البعض على وسائل التواصل الاجتماعي. </s><s> ★ أضيفت: أيقونة التكيف"â
"aait.sa",â"13٪ ، مما يعني أن علامات التجزئة على Twitter تعزز رؤية ملفك الشخصي ، لأنها لا تقصر التغريدة على متابعيك فقط. </s><s> يمكنك تضمين","علامات التصنيف","الشائعة في منطقتك أو حول العالم ، مع تفضيل أكبر لتلك المتعلقة بعملك وما تقدمه . </s><s> كما يمكنك أيضًا إرفاق علامات التجزئة"â
"medwow.com",â"قطعة للبيع أو من خلال تقديم طلب أو تقديم عرض مزايدة لشراء قطعة ما، فإنك توافق على أن يقوم الأطراف الآخرين في الصفقة بمنحك","علامة تصنيف","وأن يتم نشر علامتهم التي حصلت عليها على موقع MedWOW. </s><s> انت تتنازل عن أي ادعاء ضدنا وضد أي مستخدم لموقع MedWOW بخصوص نظام"â
"arageek.com",â"استخدام انستغرام بشكل أكثر فاعلية لزيادة التفاعل وزيادة عدد الزيارات لحسابك وعلامتك التجارية على مدار الوقت. </s><s> استخدم","علامات التصنيف","الصحيحة Hashtag </s><s> بالطبع هدفك الأول على منصة انستغرام هو إشراك جمهورك الحالي فيما تنشره مع التركيز على تنمية علامتك"â
"eyeofriyadh.com",â"عن المقاطع العملية والتعليمية التي تلبي الاهتمامات المنشودة ومشاهدتها. </s><s> ويُفضّل عند البحث عن مقاطع فيديو استخدام","علامة التصنيف","# مع كلمة أو عبارة قصيرة حول موضوع البحث، مثل #القطب_الجنوبي أو #التغير_المناخي أو #antarctic أو #climatechange"â
"sayidy.net",â"الموسيقى عليها أو حوارات الأفلام والشخصيات الشهيرة أو تقليديها، يمكن ""إبداء الإعجاب"" بالفيديوهات والبحث عنها عبر","علامات التصنيف","ومشاركتها مع الآخرين. </s><s> بدأ تيك توك باسم Musical. </s><s> ly، الذي ارتفعت شعبيته خلال السنوات الأخيرة، واشترت الشركة الصينية"â
"abudhabienv.ae",â"وخدمات الضيافة""، وترشيحه لجائزة ""أفضل مطعم في استراليا"". </s><s> ومنح ""دليل الطعام الجيد 2008"" مطعم ""نادي الصحافة"" اثنتين مع","علامات التصنيف","""شيف هات"" ولقب ""أفضل مطعم جديد في استراليا""، كما حصل جورج على لقب ""أفضل طاهي للعام 2008''''، كما اختارته مجلة ""ايج ملبورن"""â
"daoratonline.com",â"، يمكنك مراقبة وإدارة حسابات متعددة من مكان واحد. </s><s> ويشمل أيضًا ميزات المستخدم القوي مثل القدرة على الفرز والبحث عن","علامات التصنيف","والكلمات الرئيسية والاتجاهات والمفضلة والمزيد. </s><s> TweetDeck هو التطبيق المثالي للوكالات أو الشركات التي تعمل مع حسابات"â
"aps.dz",â"، القريبة من المخابرات الصهيونية، بالنصر الساحق للقضية الفلسطينية في عالم التواصل الاجتماعي. </s><s> و من خلال تحليل ""","علامات التصنيف",""" (الهاشتاغ) التي تعتبر أكثر المؤشرات أهمية لقياس اتجاه المبادلات على هذه الشبكات، تم التوصل إلى أن مستخدمي ""علامات"â
"seomasterpress.com",â"في كل منشور على Instagram. </s><s> بدلاً من استخدام علامات التصنيف في نص المنشور ، من الجيد وضعها في التعليق الأول. </s><s> باستخدام","علامات التصنيف","الشائعة ، فأنت في الواقع تسهل الوصول إلى المحتوى الخاص بك. </s><s> ليس من الصعب العثور على أفضل علامات التجزئة التي تنتمي إلى"â
"alazmenah.com",â"هاتف أو عنوان بريد إلكتروني أو من خلال فيسبوك أو إنستغرام بمجرد تسجيل الدخول، فيما يمكنك البحث عن المبدعين وبحسب الفئات","وعلامات التصنيف","للعثور على مقاطع الفيديو، ويمكنك كذلك استخدام جهات اتصال الهاتف أو متابعي وسائل التواصل الاجتماعي للعثور على أصدقاء من"â
"emaratalyoum.com",â"الإفادة الخطية، قال عميل في مكتب التحقيقات الاتحادي - لم يتم الكشف عن هويته - إن الوكالة راجعت وتعرفت على 184 وثيقة تحمل","علامات تصنيف","تحتوي على معلومات متعلقة بالدفاع الوطني بعد أن أعاد ترامب في يناير 15 صندوقاً من السجلات الحكومية طلبها الأرشيف الوطني"â
"wikipedia.org",â"مع ببرامج الكومبيوتر. </s><s> وتختلف هذه المعلومات أو البيانات عن البيانات المخزنة في قواعد البيانات أو تلك التي تم تأشيرها","بعلامات لتصنيفها","وتوضيح معالم معينة قد تكون لغوية أو غير ذلك. </s><s> بالرغم أن البيانات المهيكلة ليست معرفة بشكل تام ولكن يمكن الدلالة ضمنا عليها"â
"arageek.com",â"علامات التصنيف قابلةً للبحث، وقابلةً للنقر على منصتهم. </s><s> وبالتالي المنصّات الاجتماعية الأُخرى التي جاءت منذ إدخال","علامات التصنيف","جعلتها جزءًا من اللعبة، أفضل مثال على ذلك هو منصة إنستغرام، فهذه المنصة بدون استخدام علامة الرمز # لن يكون إنستغرام هو"â
"alyaum.com",â"العملية والتعليمية التي تلبّي حاجة الأبناء للمعرفة ومشاهدتها. </s><s> تكوين هاشتاج </s><s> ويُفضّل عند البحث عن مقاطع فيديو استخدام","علامة التصنيف","# مع كلمة أو عبارة قصيرة حول موضوع البحث، مثل #القطب_الجنوبي أو #التغير_المناخي أو#antarctic أو #climatechange"â
